borough,naloxone_programs,population,programs_per_100k
BRONX,45,1472654,3.055707586439177
BROOKLYN,52,2736074,1.9005333920062104
MANHATTAN,68,1694251,4.01357295937851
QUEENS,38,2405464,1.5797367992204414
STATEN ISLAND,12,495747,2.420589534581147
